
INSERT INTO customer (
  id, customer_name, middle_name, surname, maiden_name, gender, birth_place, birthday,
  email, inn, snils, compliance_status, active)
VALUES
(1, 'ИВАН', 'ИВАНОВИЧ', 'ИВАНОВ', NULL , 'MALE', 'САНКТ-ПЕТЕРБУРГ', '1982-03-02', 'ivan@mail.ru', '123456789',
 '123-123-345-78', 'GRANTED', true),
(2, 'ПЕТР', 'ВАСИЛЬЕВИЧ', 'СМИРНОВ', NULL , 'MALE', 'АРХАНГЕЛЬСК', '1986-05-10', 'gerts@gmail.com', '987654321',
 '321-345-098-03', 'GRANTED',true),
(3, 'ЛАРИСА', 'СЕМЕНОВНА', 'СЕМЕНОВА', 'СВИСТУЛЬКИНА', 'FEMALE', 'ЧИТА', '1989-04-12', 'qwert@ya.ru', '789456123',
 '976-345-876-45', 'GRANTED',true),
(4, 'КОНСТАНТИН', 'КОНСТАНТИНОВИЧ', 'КОНСТАНТИНОВСКИЙ',NULL , 'MALE', 'СМОЛЕНСК', '1972-03-02', 'poeeee@box.ru',
 '321654987', '234-654-789-09', 'BLOCKED', true),
(5, 'СЕМЕН', 'ПЕТРОВИЧ', 'КОТОВ',NULL , 'MALE', 'ИРКУТСК', '1952-03-02', 'poeeee@box.ru',
  '321654987', '234-654-789-09', 'GRANTED', false);

INSERT INTO address (
id, customer_id, addr_type, zip_code, region, city, street, house, flat, active)
VALUES
(1, 1, 'RESIDENCE', '123456', 'Ленинаградская область', 'Санкт-Петербург', 'Оптиков', '123', '110', true),
(2, 1, 'REGISTRATION', '123000', 'Ленинаградская область', 'Санкт-Петербург', 'Оптиков', '123', '110', true),
(3, 2, 'RESIDENCE', '163000', 'Архангельская область', 'Архангельск', 'Логинова', '11', '12', true),
(4, 2, 'REGISTRATION', '123876', 'Архангельская область', 'Архангельск', 'Логинова', '11', '12', true),
(5, 3, 'RESIDENCE', '234789', 'Читинская область', 'Чита', 'Ленина', '12', '44', true),
(6, 3, 'REGISTRATION', '321456', 'Читинская область', 'Чита', 'Набережная', '32', '65', true),
(7, 4, 'RESIDENCE', '234567', 'Смоленская область', 'Смоленск', 'Иванова', '45', '112', true),
(8, 4, 'REGISTRATION', '765234', 'Смоленская область', 'Смоленск', 'Лесная', '44', '23', true),
(9, 1, 'REGISTRATION', '110000', 'Московская область', 'Московка', 'Цветная', '13', '10', false);


INSERT INTO passport (
id, customer_id, pass_serial, pass_number, pass_date, passport_office, office_code,
expiration_date, active)
VALUES
(1, 1, '11 02', '789654', '2006-11-23', 'ОВД ПРИМОРСКОГО РАЙОНА', '770-001', '2226-11-23', true),
(2, 2, '32 62', '987654', '2005-10-13', 'ОВД ИВАНОВСКОГО РАЙОНА', '290-001', '2227-11-23', true),
(3, 3, '45 32', '689345', '2010-09-25', 'ОВД ЧИТИНСКОГО РАЙОНА', '567-001', '2228-11-23', true),
(4, 4, '55 06', '788894', '2007-05-18', 'ОВД КРАСНОГВАРДЕЙСКОГО РАЙОНА', '948-001', '2229-11-23', true),
(5, 4, '89 19', '040654', '2016-02-15', 'ОВД ЛЕНИНСКОГО РАЙОНА', '324-001', '2230-11-23', true),
(6, 1, '11 11', '999999', '2001-10-23', 'ОВД РАЙОНА', '770-101', '2026-11-23', false);

      INSERT INTO phone (
  id, customer_id, phone_type, phone_number)
  VALUES
  (1, 1, 'MOBILE', '903-165-8429' ),
  (2, 1, 'HOME', '911-765-2899' ),
  (3, 2, 'MOBILE', '905-465-3839' ),
  (4, 3, 'MOBILE', '921-565-8199' ),
  (5, 4, 'MOBILE', '922-765-3849' ),
  (6, 4, 'HOME', '908-565-5899' ),
  (7, 4, 'WORK', '950-965-7899' );

INSERT INTO bank_account (id, customer_id, beneficiary_name, account_number, bank_name,
                          bank_inn, bank_bik, correspondent_account, active ) VALUES
(1, 1, 'ИВАН ИВАНОВИЧ ИВАНОВ', '12345678901234567890', 'ВТБ', '1234567890', '123456098',
 '12345678901234567890', true),
(2, 1, 'ИВАН ИВАНОВИЧ ИВАНОВ', '12345678901234567890', 'ВТБ', '1234567890', '123456098',
 '12345678901234567890', false),
(3, 2, 'ПЕТР ВАСИЛЬЕВИЧ СМИРНОВ', '12345678901234567890', 'Сбербанк', '1234567890', '123456098',
 '12345678901234567890', true),
(4, 3, 'ЛАРИСА СЕМЕНОВНА СЕМЕНОВА', '12345678901234567890', 'МосОблБанк', '1234567890', '123456098',
 '12345678901234567890', true),
(5, 4, 'КОНСТАНТИН КОНСТАНТИНОВИЧ КОНСТАНТИНОВСКИЙ', '12345678901234567890', 'Россельхоз банк', '1234567890', '123456098',
 '12345678901234567890', true),
(6, 5, 'СЕМЕН ПЕТРОВИЧ КОТОВ', '12345678901234567890', 'Альфа банк', '1234567890', '123456098',
 '12345678901234567890', true);

