ALTER SEQUENCE global_seq RESTART WITH 10000;
ALTER SEQUENCE doc_seq    RESTART WITH 10000;

INSERT INTO address (
  id, customer_id, version, addr_type, zip_code, region, city, street, house, flat, active)
  VALUES
  (1, 1, 1, 0, '123456', 'Ленинаградская область', 'Санкт-Петербург', 'Оптиков', '123', '110', TRUE),
  (2, 1, 1, 0, '123000', 'Ленинаградская область', 'Санкт-Петербург', 'Оптиков', '123', '110', TRUE),
  (3, 2, 1, 0, '163000', 'Архангельская область', 'Архангельск', 'Логинова', '11', '12', TRUE),
  (4, 2, 1, 0, '123876', 'Архангельская область', 'Архангельск', 'Логинова', '11', '12', TRUE),
  (5, 3, 1, 0, '234789', 'Читинская область', 'Чита', 'Ленина', '12', '44', TRUE),
  (6, 3, 1, 0, '321456', 'Читинская область', 'Чита', 'Набережная', '32', '65', TRUE),
  (7, 4, 1, 0, '234567', 'Смоленская область', 'Смоленск', 'Иванова', '45', '112', TRUE),
  (8, 4, 1, 0, '765234', 'Смоленская область', 'Смоленск', 'Лесная', '44', '23', TRUE);


  INSERT INTO passport (
  id, version, customer_id, pass_serial, pass_number, pass_date, passport_office, office_code,
  expiration_date, compliance_status, active)
  VALUES
  (1, 1, 1, '11 02', '789654', '2006-11-23', 'ОВД ПРИМОРСКОГО РАЙОНА', '770-001', '2226-11-23', 2, TRUE),
  (2, 1, 2, '32 62', '987654', '2005-10-13', 'ОВД ИВАНОВСКОГО РАЙОНА', '290-001', '2227-11-23', 2, TRUE),
  (3, 1, 3, '45 32', '689345', '2010-09-25', 'ОВД ЧИТИНСКОГО РАЙОНА', '567-001', '2228-11-23', 2, TRUE),
  (4, 1, 4, '55 06', '788894', '2007-05-18', 'ОВД КРАСНОГВАРДЕЙСКОГО РАЙОНА', '948-001', '2229-11-23', 2, TRUE),
  (5, 1, 4, '89 19', '040654', '2016-02-15', 'ОВД ЛЕНИНСКОГО РАЙОНА', '324-001', '2230-11-23', 2, TRUE);

  INSERT INTO customer (
  id, version, customer_name, middle_name, surname, maiden_name, gender, birth_place, birthday,
  email, inn, snils, compliance_status, active)
  VALUES
  (1, 1, 'ИВАН', 'ИВАНОВИЧ', 'ИВАНОВ', NULL , 0, 'САНКТ-ПЕТЕРБУРГ', '1982-03-02', 'ivan@mail.ru', '123456789',
  '123-123-345-78', 2, true),
  (2, 1, 'ПЕТР', 'ВАСИЛЬЕВИЧ', 'СМИРНОВ', NULL , 0, 'АРХАНГЕЛЬСК', '1986-05-10', 'gerts@gmail.com', '987654321',
  '321-345-098-03', 2, true),
  (3, 1, 'ЛАРИСА', 'СЕМЕНОВНА', 'СЕМЕНОВА', 'СВИСТУЛЬКИНА', 1, 'ЧИТА', '1989-04-12', 'qwert@ya.ru', '789456123',
  '976-345-876-45', 2, true),
  (4, 1, 'КОНСТАНТИН', 'КОНСТАНТИНОВИЧ', 'КОНСТАНТИНОВСКИЙ',NULL , 0, 'СМОЛЕНСК', '1972-03-02', 'poeeee@box.ru',
  '321654987', '234-654-789-09', 2, true);

    INSERT INTO deposit (
  id, version, customer_id, doc_number, date_creation, sum, term, rate, interest_payment,
  compliance_status, active)
  VALUES
  (1, 1, 2, '134', '2018-05-27', 100000, 12, 9.234, 2, 2, TRUE),
  (2, 1, 3, '145', '2018-02-12', 120000, 24, 7.125, 1, 2, TRUE);

    INSERT INTO loan (
  id, version, customer_id, doc_number, date_creation, payout_date, payoff_date, sum, term, rate,
  full_loan_coast, status, payment_interval, compliance_status, active)
  VALUES
  (1, 1, 1, '223', '2018-04-23', '201-01-23', NULL , 100000, 12, 16.34, 17.456, 1, 1, 2, TRUE ),
  (2, 1, 3, '223', '2018-04-23', '201-01-23', NULL , 135000, 18, 18.2, 21.455, 1, 1, 2, TRUE );

      INSERT INTO phone (
  id, version, customer_id, phone_type, phone_number, active)
  VALUES
  (1, 1, 1, 1, '903-165-8429', TRUE ),
  (2, 1, 1, 2, '911-765-2899', TRUE ),
  (3, 1, 2, 1, '905-465-3839', TRUE ),
  (4, 1, 3, 1, '921-565-8199', TRUE ),
  (5, 1, 4, 0, '922-765-3849', TRUE ),
  (6, 1, 4, 1, '908-565-5899', TRUE ),
  (7, 1, 4, 2, '950-965-7899', TRUE );

        INSERT INTO payment (
  id, version, payment_date, sum, customer_id, contract_id, payment_document, target, flow, active)
  VALUES
  ( 1, 1, '2018-11-23', 10000, 1, 1, 'ПКО №123 от 2018.11.23', 1, 1, TRUE ),
  ( 2, 1, '2018-11-24', 7500.00, 1, 1, 'ПКО №125 от 2018.11.24', 0, 1, TRUE ),
  ( 3, 1, '2018-11-25', 5500, 1, 1, 'ПКО №126 от 2018.11.25', 1, 1, TRUE ),
  ( 4, 1, '2018-11-26', 12345.22, 2, 1, 'ПКО №127 от 2018.11.26', 1, 1, TRUE ),
  ( 5, 1, '2018-11-27', 1235.33, 3, 1, 'ПКО №128 от 2018.11.27', 0, 1, TRUE ),
  ( 6, 1, '2018-11-28', 8000, 1, 1, 'ПКО №120 от 2018.11.28', 1, 1, TRUE ),
  ( 7, 1, '2018-11-20', 500.56, 1, 1, 'ПКО №122 от 2018.11.20', 1, 1, TRUE ),
  ( 8, 1, '2018-11-21', 100, 1, 4, 'ПКО №123 от 2018.11.21', 1, 1, TRUE );